marker_id,px_lo,px_hi,n_detected,rate
201,8,12,0,0.0
201,12,16,0,0.0
201,16,21,0,0.0
201,21,28,55,0.07462686567164178
201,28,38,1,0.0013568521031207597
201,38,52,0,0.0
201,52,72,0,0.0
201,72,100,0,0.0
201,100,140,0,0.0
201,140,200,0,0.0
201,200,300,0,0.0
202,8,12,0,0.0
202,12,16,0,0.0
202,16,21,0,0.0
202,21,28,15,0.0203527815468114
202,28,38,90,0.12211668928086838
202,38,52,0,0.0
202,52,72,0,0.0
202,72,100,0,0.0
202,100,140,0,0.0
202,140,200,0,0.0
202,200,300,0,0.0
