marker_id,px_lo,px_hi,n_detected,rate
201,10,15,0,0.0
201,15,21,0,0.0
201,21,30,56,0.07598371777476255
201,30,45,0,0.0
201,45,70,0,0.0
201,70,110,0,0.0
201,110,180,0,0.0
201,180,300,0,0.0
202,10,15,0,0.0
202,15,21,0,0.0
202,21,30,80,0.10854816824966079
202,30,45,25,0.033921302578018994
202,45,70,0,0.0
202,70,110,0,0.0
202,110,180,0,0.0
202,180,300,0,0.0
